"Gene","Model","lnL","LRT","np","df","p.value","Gene_Category"
"ACTC1","2model-H1a",-1916.360465,7.99999997980194e-06,39,1,0.997743244677665,"sound_making"
"ACTC1","M0",-1916.360469,NA,38,NA,NA,"sound_making"
"HTT","2model-H1a",-18248.148453,0.0116819999966538,61,1,0.913929614266766,"processing"
"HTT","M0",-18248.154294,NA,60,NA,NA,"processing"
"CASQ2","2model-H1a",-2381.890418,1.14578400000028,61,1,0.284433448297889,"sound_making"
"CASQ2","M0",-2382.46331,NA,60,NA,NA,"sound_making"
"MYL1","2model-H1a",-1639.735212,0.294476000000031,59,1,0.587366378790737,"sound_making"
"MYL1","M0",-1639.88245,NA,58,NA,NA,"sound_making"
"PCDH15","2model-H1a",-8710.070065,0.0236460000014631,61,1,0.877789070947384,"hearing"
"PCDH15","M0",-8710.081888,NA,60,NA,NA,"hearing"
"CALML6","2model-H1a",-1787.609073,1.09566199999972,37,1,0.295220088869698,"processing"
"CALML6","M0",-1788.156904,NA,36,NA,NA,"processing"
"FOXP2","2model-H1a",-2278.470665,0.893612000000758,61,1,0.344500363579978,"learning"
"FOXP2","M0",-2278.917471,NA,60,NA,NA,"learning"
"RYR2","2model-H1a",-27236.191946,3.61731600000348,61,1,0.057181053320665,"sound_making"
"RYR2","M0",-27238.000604,NA,60,NA,NA,"sound_making"
"NLGN3","2model-H1a",-4064.71798,0.355368000000453,39,1,0.551090052086493,"learning"
"NLGN3","M0",-4064.895664,NA,38,NA,NA,"learning"
"NRXN1","2model-H1a",-8284.43182,5.16813600000023,35,1,0.0230048877286467,"learning"
"NRXN1","M0",-8287.015888,NA,34,NA,NA,"learning"
"MYH2","2model-H1a",-5188.424166,0.570356000000174,55,1,0.450117486146584,"sound_making"
"MYH2","M0",-5188.709344,NA,54,NA,NA,"sound_making"
"CASQ1","2model-H1a",-2455.874604,0.903749999999491,61,1,0.341778184450715,"sound_making"
"CASQ1","M0",-2456.326479,NA,60,NA,NA,"sound_making"
"CNTNAP2","2model-H1a",-8787.055094,0.437304000002769,61,1,0.508426578257416,"learning"
"CNTNAP2","M0",-8787.273746,NA,60,NA,NA,"learning"
"OTOF","2model-H1a",-10631.527505,8.81197999999858,61,1,0.00299259111360136,"hearing"
"OTOF","M0",-10635.933495,NA,60,NA,NA,"hearing"
"HSP90AA1","2model-H1a",-4752.51603,0.0355200000012701,61,1,0.850510187207851,"processing"
"HSP90AA1","M0",-4752.53379,NA,60,NA,NA,"processing"
"MYO7A","2model-H1a",-7310.036584,1.57372599999871,61,1,0.209666732235997,"hearing"
"MYO7A","M0",-7310.823447,NA,60,NA,NA,"hearing"
"FOXP2","2model-H1b",-2278.014502,1.80593800000042,61,1,0.178996274178329,"learning"
"FOXP2","M0",-2278.917471,NA,60,NA,NA,"learning"
"HTT","2model-H1b",-18247.988109,0.332369999996445,61,1,0.564266867501994,"processing"
"HTT","M0",-18248.154294,NA,60,NA,NA,"processing"
"OTOF","2model-H1b",-10635.239787,1.38741599999776,61,1,0.238841960469024,"hearing"
"OTOF","M0",-10635.933495,NA,60,NA,NA,"hearing"
"MYH2","2model-H1b",-5187.871288,1.67611199999919,55,1,0.195441878325032,"sound_making"
"MYH2","M0",-5188.709344,NA,54,NA,NA,"sound_making"
"ACTC1","2model-H1b",-1916.189533,0.341871999999967,39,1,0.558750656016478,"sound_making"
"ACTC1","M0",-1916.360469,NA,38,NA,NA,"sound_making"
"HSP90AA1","2model-H1b",-4752.327384,0.412812000000486,61,1,0.520545684868619,"processing"
"HSP90AA1","M0",-4752.53379,NA,60,NA,NA,"processing"
"CASQ2","2model-H1b",-2379.831386,5.26384800000051,61,1,0.0217728283778603,"sound_making"
"CASQ2","M0",-2382.46331,NA,60,NA,NA,"sound_making"
"RYR2","2model-H1b",-27235.422101,5.15700600000127,61,1,0.02315277643265,"sound_making"
"RYR2","M0",-27238.000604,NA,60,NA,NA,"sound_making"
"CNTNAP2","2model-H1b",-8786.51312,1.52125200000228,61,1,0.217430126606125,"learning"
"CNTNAP2","M0",-8787.273746,NA,60,NA,NA,"learning"
"MYL1","2model-H1b",-1636.028161,7.70857800000022,59,1,0.00549590281671862,"sound_making"
"MYL1","M0",-1639.88245,NA,58,NA,NA,"sound_making"
"MYO7A","2model-H1b",-7310.224842,1.19721000000027,61,1,0.273880023284499,"hearing"
"MYO7A","M0",-7310.823447,NA,60,NA,NA,"hearing"
"NLGN3","2model-H1b",-4063.680024,2.4312800000007,39,1,0.118935746184679,"learning"
"NLGN3","M0",-4064.895664,NA,38,NA,NA,"learning"
"CALML6","2model-H1b",-1787.745638,0.822531999999683,37,1,0.364440907159775,"processing"
"CALML6","M0",-1788.156904,NA,36,NA,NA,"processing"
"NRXN1","2model-H1b",-8285.947046,2.13768400000117,35,1,0.143718719553002,"learning"
"NRXN1","M0",-8287.015888,NA,34,NA,NA,"learning"
"PCDH15","2model-H1b",-8709.655208,0.853360000000976,61,1,0.355603544620685,"hearing"
"PCDH15","M0",-8710.081888,NA,60,NA,NA,"hearing"
"CASQ1","2model-H1b",-2451.478598,9.69576199999938,61,1,0.00184693477489635,"sound_making"
"CASQ1","M0",-2456.326479,NA,60,NA,NA,"sound_making"
"OTOF","2model-H1c",-10635.613625,0.63973999999871,61,1,0.423804962606763,"hearing"
"OTOF","M0",-10635.933495,NA,60,NA,NA,"hearing"
"ACTC1","2model-H1c",-1915.723944,1.27304999999978,39,1,0.25919528087534,"sound_making"
"ACTC1","M0",-1916.360469,NA,38,NA,NA,"sound_making"
"CASQ2","2model-H1c",-2382.432597,0.0614260000002105,61,1,0.804256121715146,"sound_making"
"CASQ2","M0",-2382.46331,NA,60,NA,NA,"sound_making"
"HTT","2model-H1c",-18248.149633,0.00932199999806471,61,1,0.923083364130546,"processing"
"HTT","M0",-18248.154294,NA,60,NA,NA,"processing"
"RYR2","2model-H1c",-27236.62497,2.75126799999998,61,1,0.0971773344802071,"sound_making"
"RYR2","M0",-27238.000604,NA,60,NA,NA,"sound_making"
"CALML6","2model-H1c",-1788.099055,0.115698000000066,37,1,0.733748022278637,"processing"
"CALML6","M0",-1788.156904,NA,36,NA,NA,"processing"
"MYH2","2model-H1c",-5187.389202,2.64028399999916,55,1,0.104184918104203,"sound_making"
"MYH2","M0",-5188.709344,NA,54,NA,NA,"sound_making"
"HSP90AA1","2model-H1c",-4752.118546,0.830488000001424,61,1,0.362131456677375,"processing"
"HSP90AA1","M0",-4752.53379,NA,60,NA,NA,"processing"
"PCDH15","2model-H1c",-8708.754925,2.65392600000268,61,1,0.103294502385346,"hearing"
"PCDH15","M0",-8710.081888,NA,60,NA,NA,"hearing"
"FOXP2","2model-H1c",-2278.757376,0.320190000000366,61,1,0.571493484290337,"learning"
"FOXP2","M0",-2278.917471,NA,60,NA,NA,"learning"
"NLGN3","2model-H1c",-4064.891775,0.00777800000014395,39,1,0.929723304481156,"learning"
"NLGN3","M0",-4064.895664,NA,38,NA,NA,"learning"
"MYL1","2model-H1c",-1639.828731,0.107438000000002,59,1,0.74308000396384,"sound_making"
"MYL1","M0",-1639.88245,NA,58,NA,NA,"sound_making"
"CNTNAP2","2model-H1c",-8786.983919,0.579654000001028,61,1,0.446447973843613,"learning"
"CNTNAP2","M0",-8787.273746,NA,60,NA,NA,"learning"
"CASQ1","2model-H1c",-2455.36186,1.92923799999971,61,1,0.164841835632512,"sound_making"
"CASQ1","M0",-2456.326479,NA,60,NA,NA,"sound_making"
"NRXN1","2model-H1c",-8281.182588,11.6666000000005,35,1,0.000636321943022235,"learning"
"NRXN1","M0",-8287.015888,NA,34,NA,NA,"learning"
"MYO7A","2model-H1c",-7310.77737,0.0921539999999368,61,1,0.761456444947533,"hearing"
"MYO7A","M0",-7310.823447,NA,60,NA,NA,"hearing"
"NLGN3","2model-H2",-4064.66983,0.451668000000609,39,1,0.501543910295256,"learning"
"NLGN3","M0",-4064.895664,NA,38,NA,NA,"learning"
"HSP90AA1","2model-H2",-4752.45688,0.15382000000136,61,1,0.694911235316318,"processing"
"HSP90AA1","M0",-4752.53379,NA,60,NA,NA,"processing"
"NRXN1","2model-H2",-8281.421462,11.1888519999993,35,1,0.000822902424966709,"learning"
"NRXN1","M0",-8287.015888,NA,34,NA,NA,"learning"
"CASQ1","2model-H2",-2455.35976,1.93343800000002,61,1,0.164382800715323,"sound_making"
"CASQ1","M0",-2456.326479,NA,60,NA,NA,"sound_making"
"MYL1","2model-H2",-1636.518951,6.72699800000009,59,1,0.00949642931798296,"sound_making"
"MYL1","M0",-1639.88245,NA,58,NA,NA,"sound_making"
"MYO7A","2model-H2",-7309.308389,3.03011599999991,61,1,0.0817321730182982,"hearing"
"MYO7A","M0",-7310.823447,NA,60,NA,NA,"hearing"
"HTT","2model-H2",-18248.054555,0.199478000002273,61,1,0.655142519670153,"processing"
"HTT","M0",-18248.154294,NA,60,NA,NA,"processing"
"ACTC1","2model-H2",-1910.994108,10.7327219999997,39,1,0.00105257498711814,"sound_making"
"ACTC1","M0",-1916.360469,NA,38,NA,NA,"sound_making"
"MYH2","2model-H2",-5187.418401,2.58188599999994,55,1,0.108092802118774,"sound_making"
"MYH2","M0",-5188.709344,NA,54,NA,NA,"sound_making"
"CALML6","2model-H2",-1787.213762,1.8862839999997,37,1,0.169621645656371,"processing"
"CALML6","M0",-1788.156904,NA,36,NA,NA,"processing"
"PCDH15","2model-H2",-8709.76079,0.642196000000695,61,1,0.422916710730491,"hearing"
"PCDH15","M0",-8710.081888,NA,60,NA,NA,"hearing"
"RYR2","2model-H2",-27233.122926,9.75535600000148,61,1,0.00178801014109058,"sound_making"
"RYR2","M0",-27238.000604,NA,60,NA,NA,"sound_making"
"CASQ2","2model-H2",-2381.352944,2.22073199999977,61,1,0.136168484920028,"sound_making"
"CASQ2","M0",-2382.46331,NA,60,NA,NA,"sound_making"
"CNTNAP2","2model-H2",-8786.216277,2.11493800000244,61,1,0.145867961141955,"learning"
"CNTNAP2","M0",-8787.273746,NA,60,NA,NA,"learning"
"FOXP2","2model-H2",-2278.899482,0.0359780000007959,61,1,0.84956093180126,"learning"
"FOXP2","M0",-2278.917471,NA,60,NA,NA,"learning"
"OTOF","2model-H2",-10635.799642,0.267705999998725,61,1,0.604874774465966,"hearing"
"OTOF","M0",-10635.933495,NA,60,NA,NA,"hearing"
"CALML6","2model-H3",-1788.13692,0.0399680000000444,37,1,0.841543160971788,"processing"
"CALML6","M0",-1788.156904,NA,36,NA,NA,"processing"
"HSP90AA1","2model-H3",-4752.331295,0.404990000000907,61,1,0.524523399879308,"processing"
"HSP90AA1","M0",-4752.53379,NA,60,NA,NA,"processing"
"MYO7A","2model-H3",-7310.599786,0.447321999999986,61,1,0.503609444972679,"hearing"
"MYO7A","M0",-7310.823447,NA,60,NA,NA,"hearing"
"PCDH15","2model-H3",-8709.993275,0.177225999999791,61,1,0.67376809082422,"hearing"
"PCDH15","M0",-8710.081888,NA,60,NA,NA,"hearing"
"MYL1","2model-H3",-1636.349489,7.06592200000023,59,1,0.00785638722262135,"sound_making"
"MYL1","M0",-1639.88245,NA,58,NA,NA,"sound_making"
"NLGN3","2model-H3",-4064.524082,0.743164000000434,39,1,0.388649217412913,"learning"
"NLGN3","M0",-4064.895664,NA,38,NA,NA,"learning"
"CASQ1","2model-H3",-2455.498719,1.65551999999934,61,1,0.198209291650238,"sound_making"
"CASQ1","M0",-2456.326479,NA,60,NA,NA,"sound_making"
"NRXN1","2model-H3",-8286.445699,1.14037800000006,35,1,0.285572468392332,"learning"
"NRXN1","M0",-8287.015888,NA,34,NA,NA,"learning"
"HTT","2model-H3",-18247.969353,0.369881999999052,61,1,0.543068595268849,"processing"
"HTT","M0",-18248.154294,NA,60,NA,NA,"processing"
"RYR2","2model-H3",-27234.47081,7.05958800000371,61,1,0.00788421275844035,"sound_making"
"RYR2","M0",-27238.000604,NA,60,NA,NA,"sound_making"
"MYH2","2model-H3",-5188.021694,1.3752999999997,55,1,0.240903353474287,"sound_making"
"MYH2","M0",-5188.709344,NA,54,NA,NA,"sound_making"
"FOXP2","2model-H3",-2278.170558,1.49382600000081,61,1,0.221623781941921,"learning"
"FOXP2","M0",-2278.917471,NA,60,NA,NA,"learning"
"OTOF","2model-H3",-10633.340511,5.18596799999796,61,1,0.0227699847873111,"hearing"
"OTOF","M0",-10635.933495,NA,60,NA,NA,"hearing"
"ACTC1","2model-H3",-1915.888956,0.943025999999918,39,1,0.331500845003176,"sound_making"
"ACTC1","M0",-1916.360469,NA,38,NA,NA,"sound_making"
"CASQ2","2model-H3",-2380.078434,4.76975200000015,61,1,0.0289639976788861,"sound_making"
"CASQ2","M0",-2382.46331,NA,60,NA,NA,"sound_making"
"CNTNAP2","2model-H3",-8787.160825,0.22584199999983,61,1,0.634624210764657,"learning"
"CNTNAP2","M0",-8787.273746,NA,60,NA,NA,"learning"
"RYR2","Amodel-H1a",-27181.845048,0.00106999999843538,63,1,0.973905167930065,"sound_making"
"RYR2","Amodel-null-H1a",-27181.845583,NA,62,NA,NA,"sound_making"
"CALML6","Amodel-H1a",-1772.779944,12.6540400000004,39,1,0.000374754977139881,"processing"
"CALML6","Amodel-null-H1a",-1779.106964,NA,38,NA,NA,"processing"
"MYO7A","Amodel-H1a",-7284.041934,0,63,1,1,"hearing"
"MYO7A","Amodel-null-H1a",-7284.041934,NA,62,NA,NA,"hearing"
"MYH2","Amodel-H1a",-5052.912485,3.99999953515362e-06,57,1,0.998404232034963,"sound_making"
"MYH2","Amodel-null-H1a",-5052.912487,NA,56,NA,NA,"sound_making"
"PCDH15","Amodel-H1a",-8613.73517,40.1418279999998,63,1,2.36177415027427e-10,"hearing"
"PCDH15","Amodel-null-H1a",-8633.806084,NA,62,NA,NA,"hearing"
"OTOF","Amodel-H1a",-10537.335831,-0.00129200000083074,63,1,1,"hearing"
"OTOF","Amodel-null-H1a",-10537.335185,NA,62,NA,NA,"hearing"
"NRXN1","Amodel-H1a",-8167.746765,0,37,1,1,"learning"
"NRXN1","Amodel-null-H1a",-8167.746765,NA,36,NA,NA,"learning"
"CASQ1","Amodel-H1a",-2410.256854,57.9309439999997,63,1,2.71482761777155e-14,"sound_making"
"CASQ1","Amodel-null-H1a",-2439.222326,NA,62,NA,NA,"sound_making"
"NLGN3","Amodel-H1a",-4064.89566,7.99999997980194e-06,41,1,0.997743244677665,"learning"
"NLGN3","Amodel-null-H1a",-4064.895664,NA,40,NA,NA,"learning"
"HSP90AA1","Amodel-H1a",-4738.577519,0,63,1,1,"processing"
"HSP90AA1","Amodel-null-H1a",-4738.577519,NA,62,NA,NA,"processing"
"FOXP2","Amodel-H1a",-2278.290749,0.357372000000396,63,1,0.549969394329668,"learning"
"FOXP2","Amodel-null-H1a",-2278.469435,NA,62,NA,NA,"learning"
"HTT","Amodel-H1a",-18185.505656,0.00853999999526422,63,1,0.92637060995668,"processing"
"HTT","Amodel-null-H1a",-18185.509926,NA,62,NA,NA,"processing"
"CNTNAP2","Amodel-H1a",-8745.742219,-2.00000067707151e-06,63,1,1,"learning"
"CNTNAP2","Amodel-null-H1a",-8745.742218,NA,62,NA,NA,"learning"
"CASQ2","Amodel-H1a",-2372.512501,0,63,1,1,"sound_making"
"CASQ2","Amodel-null-H1a",-2372.512501,NA,62,NA,NA,"sound_making"
"MYL1","Amodel-H1a",-1623.933747,-3.99999998990097e-06,61,1,1,"sound_making"
"MYL1","Amodel-null-H1a",-1623.933745,NA,60,NA,NA,"sound_making"
"ACTC1","Amodel-H1a",-1912.398376,1.99999976757681e-06,41,1,0.998871621274596,"sound_making"
"ACTC1","Amodel-null-H1a",-1912.398377,NA,40,NA,NA,"sound_making"
"NRXN1","Amodel-H1b",-8167.746964,-0.000399999998990097,37,1,1,"learning"
"NRXN1","Amodel-null-H1b",-8167.746764,NA,36,NA,NA,"learning"
"CASQ1","Amodel-H1b",-2439.380124,0,63,1,1,"sound_making"
"CASQ1","Amodel-null-H1b",-2439.380124,NA,62,NA,NA,"sound_making"
"NLGN3","Amodel-H1b",-4063.680429,6.00000021222513e-06,41,1,0.998045591872232,"learning"
"NLGN3","Amodel-null-H1b",-4063.680432,NA,40,NA,NA,"learning"
"MYL1","Amodel-H1b",-1623.933745,0.000141999999868858,61,1,0.990492333156826,"sound_making"
"MYL1","Amodel-null-H1b",-1623.933816,NA,60,NA,NA,"sound_making"
"MYO7A","Amodel-H1b",-7284.041904,-1.39999992825324e-05,63,1,1,"hearing"
"MYO7A","Amodel-null-H1b",-7284.041897,NA,62,NA,NA,"hearing"
"HTT","Amodel-H1b",-18185.505694,0.000570000003790483,63,1,0.980952576659579,"processing"
"HTT","Amodel-null-H1b",-18185.505979,NA,62,NA,NA,"processing"
"PCDH15","Amodel-H1b",-8633.805825,-5.99999839323573e-06,63,1,1,"hearing"
"PCDH15","Amodel-null-H1b",-8633.805822,NA,62,NA,NA,"hearing"
"CASQ2","Amodel-H1b",-2368.151951,2.27617000000009,63,1,0.131375947667718,"sound_making"
"CASQ2","Amodel-null-H1b",-2369.290036,NA,62,NA,NA,"sound_making"
"CALML6","Amodel-H1b",-1773.407818,12.6701620000003,39,1,0.000371537339136435,"processing"
"CALML6","Amodel-null-H1b",-1779.742899,NA,38,NA,NA,"processing"
"OTOF","Amodel-H1b",-10537.33518,9.39999990805518e-05,63,1,0.99226434340208,"hearing"
"OTOF","Amodel-null-H1b",-10537.335227,NA,62,NA,NA,"hearing"
"ACTC1","Amodel-H1b",-1912.398378,0,41,1,1,"sound_making"
"ACTC1","Amodel-null-H1b",-1912.398378,NA,40,NA,NA,"sound_making"
"FOXP2","Amodel-H1b",-2278.91747,2.00000067707151e-06,63,1,0.998871621018033,"learning"
"FOXP2","Amodel-null-H1b",-2278.917471,NA,62,NA,NA,"learning"
"MYH2","Amodel-H1b",-5052.912488,-6.00000021222513e-06,57,1,1,"sound_making"
"MYH2","Amodel-null-H1b",-5052.912485,NA,56,NA,NA,"sound_making"
"HSP90AA1","Amodel-H1b",-4738.579988,-1.40000011015218e-05,63,1,1,"processing"
"HSP90AA1","Amodel-null-H1b",-4738.579981,NA,62,NA,NA,"processing"
"CNTNAP2","Amodel-H1b",-8745.927406,0.000831999997899402,63,1,0.976988681409121,"learning"
"CNTNAP2","Amodel-null-H1b",-8745.927822,NA,62,NA,NA,"learning"
"RYR2","Amodel-H1b",-27181.844824,0.000950000001466833,63,1,0.975411439434574,"sound_making"
"RYR2","Amodel-null-H1b",-27181.845299,NA,62,NA,NA,"sound_making"
"PCDH15","Amodel-H1c",-8633.805827,0,63,1,1,"hearing"
"PCDH15","Amodel-null-H1c",-8633.805827,NA,62,NA,NA,"hearing"
"MYO7A","Amodel-H1c",-7284.041979,-0.000205999998797779,63,1,1,"hearing"
"MYO7A","Amodel-null-H1c",-7284.041876,NA,62,NA,NA,"hearing"
"MYL1","Amodel-H1c",-1622.261358,3.17292399999997,61,1,0.0748682985396439,"sound_making"
"MYL1","Amodel-null-H1c",-1623.84782,NA,60,NA,NA,"sound_making"
"CALML6","Amodel-H1c",-1779.114259,0,39,1,1,"processing"
"CALML6","Amodel-null-H1c",-1779.114259,NA,38,NA,NA,"processing"
"CASQ1","Amodel-H1c",-2438.062636,2.63497599999937,63,1,0.104533640825456,"sound_making"
"CASQ1","Amodel-null-H1c",-2439.380124,NA,62,NA,NA,"sound_making"
"NRXN1","Amodel-H1c",-8138.340663,58.8121960000008,37,1,1.73462733462081e-14,"learning"
"NRXN1","Amodel-null-H1c",-8167.746761,NA,36,NA,NA,"learning"
"NLGN3","Amodel-H1c",-4064.895664,0,41,1,1,"learning"
"NLGN3","Amodel-null-H1c",-4064.895664,NA,40,NA,NA,"learning"
"HTT","Amodel-H1c",-18183.81022,3.39117799999804,63,1,0.0655461044206102,"processing"
"HTT","Amodel-null-H1c",-18185.505809,NA,62,NA,NA,"processing"
"OTOF","Amodel-H1c",-10532.508958,9.65251200000057,63,1,0.00189092826183916,"hearing"
"OTOF","Amodel-null-H1c",-10537.335214,NA,62,NA,NA,"hearing"
"FOXP2","Amodel-H1c",-2278.763304,0.000641999999970722,63,1,0.979785588234514,"learning"
"FOXP2","Amodel-null-H1c",-2278.763625,NA,62,NA,NA,"learning"
"RYR2","Amodel-H1c",-27181.845661,0.00537600000097882,63,1,0.941550513089316,"sound_making"
"RYR2","Amodel-null-H1c",-27181.848349,NA,62,NA,NA,"sound_making"
"CASQ2","Amodel-H1c",-2372.164662,0,63,1,1,"sound_making"
"CASQ2","Amodel-null-H1c",-2372.164662,NA,62,NA,NA,"sound_making"
"HSP90AA1","Amodel-H1c",-4737.374512,0,63,1,1,"processing"
"HSP90AA1","Amodel-null-H1c",-4737.374512,NA,62,NA,NA,"processing"
"CNTNAP2","Amodel-H1c",-8745.927569,-0.000213999999687076,63,1,1,"learning"
"CNTNAP2","Amodel-null-H1c",-8745.927462,NA,62,NA,NA,"learning"
"ACTC1","Amodel-H1c",-1912.398378,1.19999999697029e-05,41,1,0.997236052335615,"sound_making"
"ACTC1","Amodel-null-H1c",-1912.398384,NA,40,NA,NA,"sound_making"
"MYH2","Amodel-H1c",-5049.850051,0,57,1,1,"sound_making"
"MYH2","Amodel-null-H1c",-5049.850051,NA,56,NA,NA,"sound_making"
"RYR2","Amodel-H2",-27181.844631,-0.00122600000031525,63,1,1,"sound_making"
"RYR2","Amodel-null-H2",-27181.844018,NA,62,NA,NA,"sound_making"
"ACTC1","Amodel-H2",-1899.750183,15.4692099999997,41,1,8.38602415288407e-05,"sound_making"
"ACTC1","Amodel-null-H2",-1907.484788,NA,40,NA,NA,"sound_making"
"MYH2","Amodel-H2",-5052.912489,-2.00000067707151e-06,57,1,1,"sound_making"
"MYH2","Amodel-null-H2",-5052.912488,NA,56,NA,NA,"sound_making"
"CASQ2","Amodel-H2",-2369.913275,0.504875999999967,63,1,0.47736544940768,"sound_making"
"CASQ2","Amodel-null-H2",-2370.165713,NA,62,NA,NA,"sound_making"
"PCDH15","Amodel-H2",-8621.528982,24.5536920000013,63,1,7.22677418336813e-07,"hearing"
"PCDH15","Amodel-null-H2",-8633.805828,NA,62,NA,NA,"hearing"
"OTOF","Amodel-H2",-10537.335203,4.79999980598222e-05,63,1,0.994472137943109,"hearing"
"OTOF","Amodel-null-H2",-10537.335227,NA,62,NA,NA,"hearing"
"HTT","Amodel-H2",-18185.506668,-0.0024420000045211,63,1,1,"processing"
"HTT","Amodel-null-H2",-18185.505447,NA,62,NA,NA,"processing"
"HSP90AA1","Amodel-H2",-4738.579982,1.20000004244503e-05,63,1,0.997236052283244,"processing"
"HSP90AA1","Amodel-null-H2",-4738.579988,NA,62,NA,NA,"processing"
"FOXP2","Amodel-H2",-2278.917469,4.00000044464832e-06,63,1,0.998404231853545,"learning"
"FOXP2","Amodel-null-H2",-2278.917471,NA,62,NA,NA,"learning"
"CALML6","Amodel-H2",-1775.892382,7.70103400000016,39,1,0.00551892008945908,"processing"
"CALML6","Amodel-null-H2",-1779.742899,NA,38,NA,NA,"processing"
"NLGN3","Amodel-H2",-4064.715656,0,41,1,1,"learning"
"NLGN3","Amodel-null-H2",-4064.715656,NA,40,NA,NA,"learning"
"CNTNAP2","Amodel-H2",-8745.927709,-0.000491999999212567,63,1,1,"learning"
"CNTNAP2","Amodel-null-H2",-8745.927463,NA,62,NA,NA,"learning"
"NRXN1","Amodel-H2",-8167.746765,0,37,1,1,"learning"
"NRXN1","Amodel-null-H2",-8167.746765,NA,36,NA,NA,"learning"
"CASQ1","Amodel-H2",-2426.522465,25.7153179999996,63,1,3.95673976954357e-07,"sound_making"
"CASQ1","Amodel-null-H2",-2439.380124,NA,62,NA,NA,"sound_making"
"MYL1","Amodel-H2",-1623.933745,0,61,1,1,"sound_making"
"MYL1","Amodel-null-H2",-1623.933745,NA,60,NA,NA,"sound_making"
"MYO7A","Amodel-H2",-7284.042011,0.000106000001323991,63,1,0.991785420739959,"hearing"
"MYO7A","Amodel-null-H2",-7284.042064,NA,62,NA,NA,"hearing"
"MYH2","Amodel-H3",-5052.912485,2.00000067707151e-06,57,1,0.998871621018033,"sound_making"
"MYH2","Amodel-null-H3",-5052.912486,NA,56,NA,NA,"sound_making"
"FOXP2","Amodel-H3",-2278.917471,0,63,1,1,"learning"
"FOXP2","Amodel-null-H3",-2278.917471,NA,62,NA,NA,"learning"
"RYR2","Amodel-H3",-27181.845678,-6.00000057602301e-05,63,1,1,"sound_making"
"RYR2","Amodel-null-H3",-27181.845648,NA,62,NA,NA,"sound_making"
"ACTC1","Amodel-H3",-1912.398379,0,41,1,1,"sound_making"
"ACTC1","Amodel-null-H3",-1912.398379,NA,40,NA,NA,"sound_making"
"HSP90AA1","Amodel-H3",-4738.523067,0.0403860000005807,63,1,0.840727753324569,"processing"
"HSP90AA1","Amodel-null-H3",-4738.54326,NA,62,NA,NA,"processing"
"HTT","Amodel-H3",-18185.505471,0.010232000000542,63,1,0.919428728855192,"processing"
"HTT","Amodel-null-H3",-18185.510587,NA,62,NA,NA,"processing"
"CASQ2","Amodel-H3",-2368.896393,1.83820800000012,63,1,0.175161125904032,"sound_making"
"CASQ2","Amodel-null-H3",-2369.815497,NA,62,NA,NA,"sound_making"
"OTOF","Amodel-H3",-10471.47551,131.719352,63,1,1.72339423568333e-30,"hearing"
"OTOF","Amodel-null-H3",-10537.335186,NA,62,NA,NA,"hearing"
"CNTNAP2","Amodel-H3",-8745.927406,0.000335999997332692,63,1,0.985375353459974,"learning"
"CNTNAP2","Amodel-null-H3",-8745.927574,NA,62,NA,NA,"learning"
"MYO7A","Amodel-H3",-7268.598622,30.0861619999996,63,1,4.132696871423e-08,"hearing"
"MYO7A","Amodel-null-H3",-7283.641703,NA,62,NA,NA,"hearing"
"NLGN3","Amodel-H3",-4064.625568,-1.99999976757681e-06,41,1,1,"learning"
"NLGN3","Amodel-null-H3",-4064.625567,NA,40,NA,NA,"learning"
"PCDH15","Amodel-H3",-8618.865686,29.8802820000019,63,1,4.59562791732456e-08,"hearing"
"PCDH15","Amodel-null-H3",-8633.805827,NA,62,NA,NA,"hearing"
"CALML6","Amodel-H3",-1775.378679,8.72804600000018,39,1,0.00313352133130308,"processing"
"CALML6","Amodel-null-H3",-1779.742702,NA,38,NA,NA,"processing"
"CASQ1","Amodel-H3",-2428.933223,20.8938019999996,63,1,4.85462849879263e-06,"sound_making"
"CASQ1","Amodel-null-H3",-2439.380124,NA,62,NA,NA,"sound_making"
"MYL1","Amodel-H3",-1623.933745,1.99999976757681e-06,61,1,0.998871621274596,"sound_making"
"MYL1","Amodel-null-H3",-1623.933746,NA,60,NA,NA,"sound_making"
"NRXN1","Amodel-H3",-8167.746761,0,37,1,1,"learning"
"NRXN1","Amodel-null-H3",-8167.746761,NA,36,NA,NA,"learning"
"NRXN1","Bmodel-H1a",-8054.854859,2.00000067707151e-06,38,2,0.999999000000162,"learning"
"NRXN1","Bmodel-null-H1a",-8054.85486,NA,36,NA,NA,"learning"
"HSP90AA1","Bmodel-H1a",-4731.954614,0.101957999999286,64,2,0.950298626594386,"processing"
"HSP90AA1","Bmodel-null-H1a",-4732.005593,NA,62,NA,NA,"processing"
"CASQ1","Bmodel-H1a",-2407.697739,54.8606259999997,64,2,1.22226795920375e-12,"sound_making"
"CASQ1","Bmodel-null-H1a",-2435.128052,NA,62,NA,NA,"sound_making"
"MYH2","Bmodel-H1a",-5026.841516,2.9350719999984,58,2,0.230492720128869,"sound_making"
"MYH2","Bmodel-null-H1a",-5028.309052,NA,56,NA,NA,"sound_making"
"NLGN3","Bmodel-H1a",-4064.717422,0.356483999999909,42,2,0.836739907927693,"learning"
"NLGN3","Bmodel-null-H1a",-4064.895664,NA,40,NA,NA,"learning"
"RYR2","Bmodel-H1a",-27179.961886,3.69046199999866,64,2,0.157988821256498,"sound_making"
"RYR2","Bmodel-null-H1a",-27181.807117,NA,62,NA,NA,"sound_making"
"HTT","Bmodel-H1a",-18185.493216,0.00323200000275392,64,2,0.998385305023557,"processing"
"HTT","Bmodel-null-H1a",-18185.494832,NA,62,NA,NA,"processing"
"MYO7A","Bmodel-H1a",-7281.986208,2.69444599999952,64,2,0.259961171371021,"hearing"
"MYO7A","Bmodel-null-H1a",-7283.333431,NA,62,NA,NA,"hearing"
"CNTNAP2","Bmodel-H1a",-8744.066841,3.357726000002,64,2,0.1865860037649,"learning"
"CNTNAP2","Bmodel-null-H1a",-8745.745704,NA,62,NA,NA,"learning"
"OTOF","Bmodel-H1a",-10526.288715,9.2373179999995,64,2,0.00986601752371705,"hearing"
"OTOF","Bmodel-null-H1a",-10530.907374,NA,62,NA,NA,"hearing"
"PCDH15","Bmodel-H1a",-8618.181032,1.41258399999788,64,2,0.493470598200005,"hearing"
"PCDH15","Bmodel-null-H1a",-8618.887324,NA,62,NA,NA,"hearing"
"CASQ2","Bmodel-H1a",-2369.706711,3.35883400000057,64,2,0.186482663746776,"sound_making"
"CASQ2","Bmodel-null-H1a",-2371.386128,NA,62,NA,NA,"sound_making"
"CALML6","Bmodel-H1a",-1772.699795,14.067016,40,2,0.000881832878561607,"processing"
"CALML6","Bmodel-null-H1a",-1779.733303,NA,38,NA,NA,"processing"
"ACTC1","Bmodel-H1a",-1912.140147,5.99999975747778e-06,42,2,0.999997000004621,"sound_making"
"ACTC1","Bmodel-null-H1a",-1912.14015,NA,40,NA,NA,"sound_making"
"FOXP2","Bmodel-H1a",-2278.290631,1.25368000000071,64,2,0.534277453025391,"learning"
"FOXP2","Bmodel-null-H1a",-2278.917471,NA,62,NA,NA,"learning"
"MYL1","Bmodel-H1a",-1621.808391,0.197251999999935,62,2,0.90608151915011,"sound_making"
"MYL1","Bmodel-null-H1a",-1621.907017,NA,60,NA,NA,"sound_making"
"CALML6","Bmodel-H1b",-1773.274878,12.9168500000001,40,2,0.001567262205493,"processing"
"CALML6","Bmodel-null-H1b",-1779.733303,NA,38,NA,NA,"processing"
"MYO7A","Bmodel-H1b",-7282.182354,2.30183800000123,64,2,0.316345913856383,"hearing"
"MYO7A","Bmodel-null-H1b",-7283.333273,NA,62,NA,NA,"hearing"
"MYL1","Bmodel-H1b",-1618.19986,7.4143140000001,62,2,0.0245472118857386,"sound_making"
"MYL1","Bmodel-null-H1b",-1621.907017,NA,60,NA,NA,"sound_making"
"CNTNAP2","Bmodel-H1b",-8745.183847,1.12370599999849,64,2,0.570151593502787,"learning"
"CNTNAP2","Bmodel-null-H1b",-8745.7457,NA,62,NA,NA,"learning"
"PCDH15","Bmodel-H1b",-8616.941087,3.8924700000025,64,2,0.14281074311606,"hearing"
"PCDH15","Bmodel-null-H1b",-8618.887322,NA,62,NA,NA,"hearing"
"HTT","Bmodel-H1b",-18184.771363,1.44482399999833,64,2,0.485579624281312,"processing"
"HTT","Bmodel-null-H1b",-18185.493775,NA,62,NA,NA,"processing"
"NRXN1","Bmodel-H1b",-8054.85486,0,38,2,1,"learning"
"NRXN1","Bmodel-null-H1b",-8054.85486,NA,36,NA,NA,"learning"
"CASQ1","Bmodel-H1b",-2429.628719,10.9986660000004,64,2,0.00408949822429466,"sound_making"
"CASQ1","Bmodel-null-H1b",-2435.128052,NA,62,NA,NA,"sound_making"
"NLGN3","Bmodel-H1b",-4063.680022,2.43128400000023,42,2,0.296519587598344,"learning"
"NLGN3","Bmodel-null-H1b",-4064.895664,NA,40,NA,NA,"learning"
"FOXP2","Bmodel-H1b",-2278.01302,1.80890600000021,64,2,0.404763230046451,"learning"
"FOXP2","Bmodel-null-H1b",-2278.917473,NA,62,NA,NA,"learning"
"OTOF","Bmodel-H1b",-10513.224055,35.3666199999971,64,2,2.09043200161325e-08,"hearing"
"OTOF","Bmodel-null-H1b",-10530.907365,NA,62,NA,NA,"hearing"
"HSP90AA1","Bmodel-H1b",-4732.005592,0,64,2,1,"processing"
"HSP90AA1","Bmodel-null-H1b",-4732.005592,NA,62,NA,NA,"processing"
"RYR2","Bmodel-H1b",-27172.160934,19.2922919999983,64,2,6.46743422516775e-05,"sound_making"
"RYR2","Bmodel-null-H1b",-27181.80708,NA,62,NA,NA,"sound_making"
"CASQ2","Bmodel-H1b",-2366.797759,9.17673800000011,64,2,0.0101694311968398,"sound_making"
"CASQ2","Bmodel-null-H1b",-2371.386128,NA,62,NA,NA,"sound_making"
"MYH2","Bmodel-H1b",-5027.395393,1.82731799999965,58,2,0.401054079168224,"sound_making"
"MYH2","Bmodel-null-H1b",-5028.309052,NA,56,NA,NA,"sound_making"
"ACTC1","Bmodel-H1b",-1911.919978,0.440344000000096,42,2,0.802380776599368,"sound_making"
"ACTC1","Bmodel-null-H1b",-1912.14015,NA,40,NA,NA,"sound_making"
"CNTNAP2","Bmodel-H1c",-8745.457703,0.576000000000931,64,2,0.749761592238692,"learning"
"CNTNAP2","Bmodel-null-H1c",-8745.745703,NA,62,NA,NA,"learning"
"CASQ1","Bmodel-H1c",-2434.696089,0.863925999999992,64,2,0.649233397876477,"sound_making"
"CASQ1","Bmodel-null-H1c",-2435.128052,NA,62,NA,NA,"sound_making"
"NRXN1","Bmodel-H1c",-8054.854859,0,38,2,1,"learning"
"NRXN1","Bmodel-null-H1c",-8054.854859,NA,36,NA,NA,"learning"
"MYL1","Bmodel-H1c",-1620.227838,3.35835799999995,62,2,0.186527051902786,"sound_making"
"MYL1","Bmodel-null-H1c",-1621.907017,NA,60,NA,NA,"sound_making"
"NLGN3","Bmodel-H1c",-4064.891782,0.00776399999995192,42,2,0.996125525221238,"learning"
"NLGN3","Bmodel-null-H1c",-4064.895664,NA,40,NA,NA,"learning"
"MYO7A","Bmodel-H1c",-7279.90096,6.86462399999982,64,2,0.0323121486588426,"hearing"
"MYO7A","Bmodel-null-H1c",-7283.333272,NA,62,NA,NA,"hearing"
"HTT","Bmodel-H1c",-18185.469742,0.0467199999984587,64,2,0.976910732598882,"processing"
"HTT","Bmodel-null-H1c",-18185.493102,NA,62,NA,NA,"processing"
"CASQ2","Bmodel-H1c",-2370.206521,2.35921400000006,64,2,0.307399522877947,"sound_making"
"CASQ2","Bmodel-null-H1c",-2371.386128,NA,62,NA,NA,"sound_making"
"CALML6","Bmodel-H1c",-1778.787637,1.89133200000015,40,2,0.388420796488948,"processing"
"CALML6","Bmodel-null-H1c",-1779.733303,NA,38,NA,NA,"processing"
"PCDH15","Bmodel-H1c",-8617.430212,2.91421000000264,64,2,0.232909572873614,"hearing"
"PCDH15","Bmodel-null-H1c",-8618.887317,NA,62,NA,NA,"hearing"
"ACTC1","Bmodel-H1c",-1911.320334,1.63963199999989,42,2,0.440512701386536,"sound_making"
"ACTC1","Bmodel-null-H1c",-1912.14015,NA,40,NA,NA,"sound_making"
"HSP90AA1","Bmodel-H1c",-4730.370738,3.26971000000049,64,2,0.194980641442509,"processing"
"HSP90AA1","Bmodel-null-H1c",-4732.005593,NA,62,NA,NA,"processing"
"OTOF","Bmodel-H1c",-10526.558331,8.69805799999813,64,2,0.0129193511820135,"hearing"
"OTOF","Bmodel-null-H1c",-10530.90736,NA,62,NA,NA,"hearing"
"FOXP2","Bmodel-H1c",-2278.757375,0.321069999999963,64,2,0.851688013969813,"learning"
"FOXP2","Bmodel-null-H1c",-2278.91791,NA,62,NA,NA,"learning"
"MYH2","Bmodel-H1c",-5024.573702,7.47073600000112,58,2,0.0238643873580822,"sound_making"
"MYH2","Bmodel-null-H1c",-5028.30907,NA,56,NA,NA,"sound_making"
"RYR2","Bmodel-H1c",-27180.198562,3.21716000000015,64,2,0.200171656109232,"sound_making"
"RYR2","Bmodel-null-H1c",-27181.807142,NA,62,NA,NA,"sound_making"
"CASQ2","Bmodel-H2",-2368.409328,5.95359999999982,64,2,0.0509556312701987,"sound_making"
"CASQ2","Bmodel-null-H2",-2371.386128,NA,62,NA,NA,"sound_making"
"PCDH15","Bmodel-H2",-8610.976433,15.821780000002,64,2,0.000366728047346845,"hearing"
"PCDH15","Bmodel-null-H2",-8618.887323,NA,62,NA,NA,"hearing"
"CNTNAP2","Bmodel-H2",-8744.860367,1.77066399999967,64,2,0.412577174916576,"learning"
"CNTNAP2","Bmodel-null-H2",-8745.745699,NA,62,NA,NA,"learning"
"MYL1","Bmodel-H2",-1619.049128,5.71577799999977,62,2,0.0573897823122218,"sound_making"
"MYL1","Bmodel-null-H2",-1621.907017,NA,60,NA,NA,"sound_making"
"HTT","Bmodel-H2",-18185.100221,0.787301999996998,64,2,0.674589446880362,"processing"
"HTT","Bmodel-null-H2",-18185.493872,NA,62,NA,NA,"processing"
"ACTC1","Bmodel-H2",-1899.750183,24.7799339999997,42,2,4.16011849384321e-06,"sound_making"
"ACTC1","Bmodel-null-H2",-1912.14015,NA,40,NA,NA,"sound_making"
"CALML6","Bmodel-H2",-1775.426621,8.61336399999982,40,2,0.0134781961394588,"processing"
"CALML6","Bmodel-null-H2",-1779.733303,NA,38,NA,NA,"processing"
"FOXP2","Bmodel-H2",-2278.899448,0.0360460000001694,64,2,0.982138442914253,"learning"
"FOXP2","Bmodel-null-H2",-2278.917471,NA,62,NA,NA,"learning"
"OTOF","Bmodel-H2",-10524.919322,11.9760219999989,64,2,0.00250864879368334,"hearing"
"OTOF","Bmodel-null-H2",-10530.907333,NA,62,NA,NA,"hearing"
"HSP90AA1","Bmodel-H2",-4732.005592,0,64,2,1,"processing"
"HSP90AA1","Bmodel-null-H2",-4732.005592,NA,62,NA,NA,"processing"
"CASQ1","Bmodel-H2",-2430.245452,9.76519999999982,64,2,0.00757728744677422,"sound_making"
"CASQ1","Bmodel-null-H2",-2435.128052,NA,62,NA,NA,"sound_making"
"NRXN1","Bmodel-H2",-8042.009411,25.6908980000007,38,2,2.63810685084215e-06,"learning"
"NRXN1","Bmodel-null-H2",-8054.85486,NA,36,NA,NA,"learning"
"NLGN3","Bmodel-H2",-4064.669806,0.451713999999811,42,2,0.797832183510945,"learning"
"NLGN3","Bmodel-null-H2",-4064.895663,NA,40,NA,NA,"learning"
"MYO7A","Bmodel-H2",-7281.929816,2.80709000000024,64,2,0.245724325370144,"hearing"
"MYO7A","Bmodel-null-H2",-7283.333361,NA,62,NA,NA,"hearing"
"RYR2","Bmodel-H2",-27174.129727,15.3549140000032,64,2,0.000463151195976487,"sound_making"
"RYR2","Bmodel-null-H2",-27181.807184,NA,62,NA,NA,"sound_making"
"MYH2","Bmodel-H2",-5027.057123,2.50385800000004,58,2,0.285952661812505,"sound_making"
"MYH2","Bmodel-null-H2",-5028.309052,NA,56,NA,NA,"sound_making"
"FOXP2","Bmodel-H3",-2278.168709,1.49752400000034,64,2,0.472951704667534,"learning"
"FOXP2","Bmodel-null-H3",-2278.917471,NA,62,NA,NA,"learning"
"MYL1","Bmodel-H3",-1617.309765,9.19450400000005,62,2,0.0100794961772876,"sound_making"
"MYL1","Bmodel-null-H3",-1621.907017,NA,60,NA,NA,"sound_making"
"HTT","Bmodel-H3",-18184.915356,1.15733999999793,64,2,0.560643526815237,"processing"
"HTT","Bmodel-null-H3",-18185.494026,NA,62,NA,NA,"processing"
"CNTNAP2","Bmodel-H3",-8745.568869,0.353648000000248,64,2,0.83792724674126,"learning"
"CNTNAP2","Bmodel-null-H3",-8745.745693,NA,62,NA,NA,"learning"
"CASQ2","Bmodel-H3",-2367.649298,7.47366000000056,64,2,0.0238295231157426,"sound_making"
"CASQ2","Bmodel-null-H3",-2371.386128,NA,62,NA,NA,"sound_making"
"ACTC1","Bmodel-H3",-1911.531978,1.21634399999994,42,2,0.544345022842893,"sound_making"
"ACTC1","Bmodel-null-H3",-1912.14015,NA,40,NA,NA,"sound_making"
"HSP90AA1","Bmodel-H3",-4731.947395,0.11639599999944,64,2,0.943463123243676,"processing"
"HSP90AA1","Bmodel-null-H3",-4732.005593,NA,62,NA,NA,"processing"
"PCDH15","Bmodel-H3",-8606.82943,24.1157800000001,64,2,5.79862347776061e-06,"hearing"
"PCDH15","Bmodel-null-H3",-8618.88732,NA,62,NA,NA,"hearing"
"MYO7A","Bmodel-H3",-7268.407186,29.8521739999996,64,2,3.29369044180133e-07,"hearing"
"MYO7A","Bmodel-null-H3",-7283.333273,NA,62,NA,NA,"hearing"
"CALML6","Bmodel-H3",-1775.37464,8.71732599999996,40,2,0.01279548378004,"processing"
"CALML6","Bmodel-null-H3",-1779.733303,NA,38,NA,NA,"processing"
"OTOF","Bmodel-H3",-10471.428431,118.957886,64,2,1.47442696771801e-26,"hearing"
"OTOF","Bmodel-null-H3",-10530.907374,NA,62,NA,NA,"hearing"
"NRXN1","Bmodel-H3",-8054.85486,0,38,2,1,"learning"
"NRXN1","Bmodel-null-H3",-8054.85486,NA,36,NA,NA,"learning"
"CASQ1","Bmodel-H3",-2426.016474,18.223156,64,2,0.000110380397363517,"sound_making"
"CASQ1","Bmodel-null-H3",-2435.128052,NA,62,NA,NA,"sound_making"
"MYH2","Bmodel-H3",-5027.303419,2.01126599999952,58,2,0.36581300186983,"sound_making"
"MYH2","Bmodel-null-H3",-5028.309052,NA,56,NA,NA,"sound_making"
"NLGN3","Bmodel-H3",-4064.524651,0.742025999999896,42,2,0.690034971045893,"learning"
"NLGN3","Bmodel-null-H3",-4064.895664,NA,40,NA,NA,"learning"
"RYR2","Bmodel-H3",-27174.698925,14.2158980000022,64,2,0.000818572163083843,"sound_making"
"RYR2","Bmodel-null-H3",-27181.806874,NA,62,NA,NA,"sound_making"
